,t-test,p-value,crit_value_1%,crit_value_5%,crit_value_10%
0,-0.6843199672791224,0.9483039997376882,-3.897706124420428,-3.3368362161692655,-3.044940178474731
